UPDATE public.education_years SET active = true WHERE id = '23fe3506-a74f-4ef8-93d7-a705fd8ad167';
UPDATE public.education_years SET active = false WHERE id = 'fe385348-4efe-48ee-9fb6-0fa236e8adfe';


INSERT INTO public.form_patterns (id, title, code, form_status_group_id, default_form_status_id, description, personal_data_agreement_id, with_personal_data_agreement) VALUES ('5d77e0ca-1e75-40c7-ba9f-48f979611c41', 'Заявление в ординатуру для новопоступивших 2023', '', '5a0224d6-b7f7-414b-9ab3-d2638681b4cf', '03977c2f-31a9-4160-b194-5e595d89e434', '<p><strong>Требования к прикрепляемым документам:</strong></p><p>Чёткие цветные копии или фотографии документов в цвете, формат <strong>PDF</strong> или <strong>JPG </strong>(не четкие копии или фотографии не принимаются, как и черно-белые копии!)</p><p>Каждый файл должен быть назван как и загружаемый документ + Фамилия И.О.</p><p>(<strong>например</strong> «Приложение к диплому. Иванов А.А.)</p><p></p><p><strong>ВНИМАНИЕ!</strong> На каждую выбранную специальность, подаются разные заявления! Ординатор</p><p>имеет право подать на ДВЕ специальности одновременно. В заявлении ставится галочка основное</p><p>или дополнительное заявление.</p><p></p><p><strong>ФОТО 4 штуки 3х4</strong> -предоставляются 1 сентября 2023 года на организационном собрании</p><p><strong>ОРИГИНАЛЫ ДИПЛОМА И ПРИЛОЖЕНИЯ</strong> - предоставляются 1 сентября 2023 года на</p><p>организационном собрании</p>', '88f7848b-9b11-4d19-a307-3b596bfec9cd', false);


insert into public.fields (id, name, required, field_order, form_id, form_pattern_id, value_type_id, form_value_id, file_id, comment, code, required_for_cancel, mask)
values
        ('fb8bddfa-9862-474c-af50-ef9872d815bd', 'Договор с Департаментом здравоохранения города Москвы', false, 0, null, '5d77e0ca-1e75-40c7-ba9f-48f979611c41', '9fa59e5f-b5f4-4dd0-821f-b9aa6eb25a10', null, '1fbf3919-b631-482f-ae67-8ee8b0ac694a', 'Только для заключивших договор с Департаментом здравоохранения города Москвы', 'ContractDzm', false, ''),
        ('36ee773e-d834-47b9-8561-172075c649ed', 'Документ, удостоверяющий личность, гражданство', true, 0, null, '5d77e0ca-1e75-40c7-ba9f-48f979611c41', '9fa59e5f-b5f4-4dd0-821f-b9aa6eb25a10', null, '99eef918-7914-4887-8776-8d49ddaa9f9f', 'Со страницей регистрации', '', false, ''),
        ('58dfa01c-0812-44ab-a442-7be1a69c7c49', 'Заявление в ординатуру', true, 0, null, '5d77e0ca-1e75-40c7-ba9f-48f979611c41', '9fa59e5f-b5f4-4dd0-821f-b9aa6eb25a10', null, '7500c585-fd7d-4318-8edf-5e319f9becd7', 'Заполняется от руки четким подчерком синими чернилами или заполняется машинописным шрифтом, подписи в заявлении ставятся СИНЕЙ ручкой', '', false, ''),
        ('d243d413-fa74-40f3-a333-0b347f8261fc', 'Заявление на вступительное испытание', false, 0, null, '5d77e0ca-1e75-40c7-ba9f-48f979611c41', '9fa59e5f-b5f4-4dd0-821f-b9aa6eb25a10', null, '9039d8d5-d775-435b-bb3d-606bb829af5d', 'Заявление подается поступающим планирующим проходить вступительное испытание в другом ВУЗе или в ГБУЗ «Морозовская ДГКБ ДЗМ». На момент подачи заявления нет баллов вступительного испытания', '', false, ''),
        ('954467e8-9478-415c-af0b-a9f3779174d9', 'Заявление на изменения места проведения вступительного испытания', false, 0, null, '5d77e0ca-1e75-40c7-ba9f-48f979611c41', '9fa59e5f-b5f4-4dd0-821f-b9aa6eb25a10', null, 'b937d05c-5a94-496b-aa4d-fb11fa657fe7', 'Подается, если поступающий изменил место проведения вступительного испытания. ВНИМАНИЕ! Внесение изменений в базу данных Минздрава (приемная кампания в ординатуру) о месте вступительного испытания без данного заявления не проводится!', '', false, ''),
        ('3025c248-ea83-4895-b30e-2cf0ff1c2387', 'Заявление об отзыве документов', false, 0, null, '5d77e0ca-1e75-40c7-ba9f-48f979611c41', '9fa59e5f-b5f4-4dd0-821f-b9aa6eb25a10', null, '43129809-5424-421d-b4c5-726eb6c9d5d8', 'Если вы передумали к нам поступать и хотите, чтобы Вас сняли с конкурса, или Вы хотите отозвать заявление и подать на другую специальность', '', true, ''),
        ('64542508-631b-46ed-8075-141d7c671439', 'Заявление об учете баллов первого этапа аккредитации', false, 0, null, '5d77e0ca-1e75-40c7-ba9f-48f979611c41', '9fa59e5f-b5f4-4dd0-821f-b9aa6eb25a10', null, '844fc83c-c1b8-4828-b9bb-ae1966c58fdf', 'Заявление подается поступающим имеющим подтвержденную Первичную аккредитацию 2021 или 2022 года. Заявление дает право приемной комиссии засчитать результаты первичной аккредитации в качестве результата вступительного испытания', '', false, ''),
        ('94e8fe16-ad23-4a6f-bcea-65b747541ab2', 'Заявление об учете баллов пройденного вступительного испытания', false, 0, null, '5d77e0ca-1e75-40c7-ba9f-48f979611c41', '9fa59e5f-b5f4-4dd0-821f-b9aa6eb25a10', null, 'af55bdca-fae4-41c6-8f80-071e058ae89a', 'Заявление подается поступающим прошедшим вступительные испытания в другом ВУЗе в 2021 или 2022 году', '', false, ''),
        ('8c2d0b2b-4330-43cb-82d5-c00f561bcead', 'Заявление о согласии на зачисление', false, 0, null, '5d77e0ca-1e75-40c7-ba9f-48f979611c41', '9fa59e5f-b5f4-4dd0-821f-b9aa6eb25a10', null, '884046b1-d295-4ccd-97d9-8874eb9421b8', 'Станет доступным после проведения конкурса', '', false, ''),
        ('556e53f8-d6ff-402f-90ee-392628df7edf', 'ИНН', true, 0, null, '5d77e0ca-1e75-40c7-ba9f-48f979611c41', '9fa59e5f-b5f4-4dd0-821f-b9aa6eb25a10', null, 'e25e69a6-1655-4b38-acf8-3983a0d5770c', '', '', false, ''),
        ('131a1ddd-3f62-4c37-8050-dcbbac861bdf', 'СНИЛС', true, 0, null, '5d77e0ca-1e75-40c7-ba9f-48f979611c41', '9fa59e5f-b5f4-4dd0-821f-b9aa6eb25a10', null, '0c265dd5-5487-4c0e-a877-79c42655dc95', '', '', false, '');

INSERT INTO public.residency_courses (id, description, years, free_places, paid_places, cost, education_form, form_pattern_id, start_year_id, end_year_id, annotation_id, program_id, plan_id, schedule_id, free_government_places, main_teacher_id) VALUES ('529e2e49-a873-4362-9822-e7e072073a33', '', null, 1, 2, 200000, '', '5d77e0ca-1e75-40c7-ba9f-48f979611c41', '23fe3506-a74f-4ef8-93d7-a705fd8ad167', '9c11e22d-ca88-4ffe-b7c8-1184f7bc2011', '41935ace-3964-4704-b55e-8ff58ca7962a', '4aeba049-0431-4414-a01e-e87a79035815', '32e5b512-b232-43ae-8ea5-9291a282af6b', 'd3d1f7ce-6d6c-4cf3-a7a7-42a7466b6b78', 0, null);
INSERT INTO public.residency_courses (id, description, years, free_places, paid_places, cost, education_form, form_pattern_id, start_year_id, end_year_id, annotation_id, program_id, plan_id, schedule_id, free_government_places, main_teacher_id) VALUES ('0084b5bd-e42f-4b19-975c-3e3b3303c09b', '', null, 0, 2, 285000, '', '5d77e0ca-1e75-40c7-ba9f-48f979611c41', '23fe3506-a74f-4ef8-93d7-a705fd8ad167', '9c11e22d-ca88-4ffe-b7c8-1184f7bc2011', '4e59eac8-4341-41cf-b82b-7d5f30092ac2', '61fddcc1-7950-44fb-a561-e4816f7c7c2e', '0f2adbc0-6161-47a0-a5d8-1e75ea69706c', 'd1502d30-15bf-45cb-b2ca-a74f21504eac', 0, null);
INSERT INTO public.residency_courses (id, description, years, free_places, paid_places, cost, education_form, form_pattern_id, start_year_id, end_year_id, annotation_id, program_id, plan_id, schedule_id, free_government_places, main_teacher_id) VALUES ('709532c3-114a-400c-b1ec-0dafae1eaf74', '', null, 0, 2, 210000, '', '5d77e0ca-1e75-40c7-ba9f-48f979611c41', '23fe3506-a74f-4ef8-93d7-a705fd8ad167', '9c11e22d-ca88-4ffe-b7c8-1184f7bc2011', 'b20f7d50-d5d3-49b2-b5c8-7c2c9d4f085f', '366769be-f201-4b63-b6af-c6e970b49ab9', '5f9841ff-fbca-4f24-b5b5-92186bd8ccfc', '3d451ac5-fb40-4414-8dc8-06cd7a09adec', 0, 'cd5ce5bc-6425-49d8-9e0a-ec644b3a44f6');
INSERT INTO public.residency_courses (id, description, years, free_places, paid_places, cost, education_form, form_pattern_id, start_year_id, end_year_id, annotation_id, program_id, plan_id, schedule_id, free_government_places, main_teacher_id) VALUES ('fe63e287-f808-451c-88b1-9f43cabd3301', '', null, 1, 2, 200000, '', '5d77e0ca-1e75-40c7-ba9f-48f979611c41', '23fe3506-a74f-4ef8-93d7-a705fd8ad167', '9c11e22d-ca88-4ffe-b7c8-1184f7bc2011', '370992c3-76f3-458f-b1af-5477540d62cf', '599293e9-40b0-4ba9-aead-b66d31f7ab64', '1f0ad19c-8890-484e-9a6a-c80a5923f636', 'ac1e7530-5832-4f16-bee2-43f7dac0ba81', 0, 'b5fc58fd-0679-42b6-9a71-409d143dc486');
INSERT INTO public.residency_courses (id, description, years, free_places, paid_places, cost, education_form, form_pattern_id, start_year_id, end_year_id, annotation_id, program_id, plan_id, schedule_id, free_government_places, main_teacher_id) VALUES ('7c88b0a5-baf0-494c-9ffb-cc4cca58e1f9', '', null, 0, 6, 250000, '', '5d77e0ca-1e75-40c7-ba9f-48f979611c41', '23fe3506-a74f-4ef8-93d7-a705fd8ad167', '9c11e22d-ca88-4ffe-b7c8-1184f7bc2011', '61c672bb-322a-426c-aa0f-5b29a4ce2615', '46e18cbb-2176-4ed1-967e-29af5c39a707', 'a1be0954-c284-41ff-ab46-e2d0938cc4ae', '8f5046be-f218-403a-81d6-cc521bdc813c', 0, 'd72f8b88-0428-442a-98a7-7f31235527e4');;
INSERT INTO public.residency_courses (id, description, years, free_places, paid_places, cost, education_form, form_pattern_id, start_year_id, end_year_id, annotation_id, program_id, plan_id, schedule_id, free_government_places, main_teacher_id) VALUES ('c0ae4215-239e-4ba3-b93d-50cdd5e02509', '', null, 1, 2, 285000, '', '5d77e0ca-1e75-40c7-ba9f-48f979611c41', '23fe3506-a74f-4ef8-93d7-a705fd8ad167', '9c11e22d-ca88-4ffe-b7c8-1184f7bc2011', '50c36067-6eeb-44bf-afa3-566afe63854b', 'caac0e41-77e7-460b-b3d5-027ce7b6ca4d', '8be5b8ca-4706-4df1-8625-0c81d232cf20', '331bb5fb-cc8c-44d7-9def-97984d4f6938', 0, '2841b11f-678b-41d5-b8df-cb6edf49daf8');
INSERT INTO public.residency_courses (id, description, years, free_places, paid_places, cost, education_form, form_pattern_id, start_year_id, end_year_id, annotation_id, program_id, plan_id, schedule_id, free_government_places, main_teacher_id) VALUES ('580fbae8-5e03-4ab6-9330-09683f18ae4c', '', null, 0, 3, 230000, '', '5d77e0ca-1e75-40c7-ba9f-48f979611c41', '23fe3506-a74f-4ef8-93d7-a705fd8ad167', '9c11e22d-ca88-4ffe-b7c8-1184f7bc2011', 'f02d367a-6741-4f85-8d4d-ae9f0b944870', '0064dfa1-3daa-4d79-aae4-81787d6cf042', '395d7475-2ed1-4fba-895c-b70a1c6f8ca1', '4c1ae72f-81ad-4ec7-a02c-7afc3b7b0338', 0, '80cd4b8f-d985-4e20-b3f4-6485b379ec43');
INSERT INTO public.residency_courses (id, description, years, free_places, paid_places, cost, education_form, form_pattern_id, start_year_id, end_year_id, annotation_id, program_id, plan_id, schedule_id, free_government_places, main_teacher_id) VALUES ('cb019fb9-f02a-4158-9d6b-93957e98036c', '', null, 3, 12, 270000, '', '5d77e0ca-1e75-40c7-ba9f-48f979611c41', '23fe3506-a74f-4ef8-93d7-a705fd8ad167', '9c11e22d-ca88-4ffe-b7c8-1184f7bc2011', 'a890aa20-dc7d-4e14-9c56-66056e6153ed', '9bd491aa-c1e1-4388-bf9b-880991af0449', 'd17bd7ec-2b9e-4560-babc-92f45a56416c', '1dc24bb7-9baa-4600-a8a9-2ff041dd1503', 5, '9284bbd4-d32f-4afe-b803-432166c31d78');
INSERT INTO public.residency_courses (id, description, years, free_places, paid_places, cost, education_form, form_pattern_id, start_year_id, end_year_id, annotation_id, program_id, plan_id, schedule_id, free_government_places, main_teacher_id) VALUES ('b741a4c9-5cbc-4815-8010-c112c44b046b', '', null, 0, 4, 250000, '', '5d77e0ca-1e75-40c7-ba9f-48f979611c41', '23fe3506-a74f-4ef8-93d7-a705fd8ad167', '9c11e22d-ca88-4ffe-b7c8-1184f7bc2011', '71baa653-a774-43d7-ae70-785a9471f939', '8c68191e-d4d4-4e61-b54a-23b137b72e07', '53e8ea43-1bed-499f-9f4e-3f43fbee04c4', '77aef687-1958-4f50-ba3f-a164ecfbc2b8', 0, '6d89011d-5027-4fa2-9ae0-27b164ee905b');
INSERT INTO public.residency_courses (id, description, years, free_places, paid_places, cost, education_form, form_pattern_id, start_year_id, end_year_id, annotation_id, program_id, plan_id, schedule_id, free_government_places, main_teacher_id) VALUES ('30de4caf-f810-4a4a-9a01-7df686a052d0', '', null, 0, 2, 283000, '', '5d77e0ca-1e75-40c7-ba9f-48f979611c41', '23fe3506-a74f-4ef8-93d7-a705fd8ad167', '9c11e22d-ca88-4ffe-b7c8-1184f7bc2011', 'c658460f-797f-44a3-97b9-3293c8600e54', 'f06e31c7-7a6d-4d5f-bbab-4df097f87d8e', 'ff96a533-d6e5-4983-9cc2-84e985a766f5', '7f998fee-59c7-44ed-b956-5bd09797503a', 0, 'cea61403-ba70-4e61-9e8b-c82360c2c16b');
INSERT INTO public.residency_courses (id, description, years, free_places, paid_places, cost, education_form, form_pattern_id, start_year_id, end_year_id, annotation_id, program_id, plan_id, schedule_id, free_government_places, main_teacher_id) VALUES ('eea882ae-991f-4c87-94e0-fcad0616109f', '', null, 0, 2, 230000, '', '5d77e0ca-1e75-40c7-ba9f-48f979611c41', '23fe3506-a74f-4ef8-93d7-a705fd8ad167', '9c11e22d-ca88-4ffe-b7c8-1184f7bc2011', '11fee77b-eb80-4253-a015-f09112c9d28c', 'a6145b12-a8a7-490f-9345-3a6e2dd36477', 'b650752f-a999-4c1d-b950-41ad5f009e5f', 'bdd767d0-fbce-4302-adfc-468ad14f693f', 0, 'f70b285e-f8cb-46c6-93fe-ac88bda925c5');
INSERT INTO public.residency_courses (id, description, years, free_places, paid_places, cost, education_form, form_pattern_id, start_year_id, end_year_id, annotation_id, program_id, plan_id, schedule_id, free_government_places, main_teacher_id) VALUES ('e498e2e0-dc4b-4646-81b7-21427d3592a6', '', null, 0, 7, 270000, '', '5d77e0ca-1e75-40c7-ba9f-48f979611c41', '23fe3506-a74f-4ef8-93d7-a705fd8ad167', '9c11e22d-ca88-4ffe-b7c8-1184f7bc2011', 'b0d45ff1-bf22-426f-b682-0057644a2330', 'b9c3f4da-7b10-4b71-8d7d-7c9cc2c0cd3f', '0f594aef-523a-47a2-b2cb-22bbe282f898', '8f0a7a50-fb62-48a2-9045-e51a1dafc847', 0, 'd1e87e4c-a4c1-406a-ae36-dbc863c15655');
INSERT INTO public.residency_courses (id, description, years, free_places, paid_places, cost, education_form, form_pattern_id, start_year_id, end_year_id, annotation_id, program_id, plan_id, schedule_id, free_government_places, main_teacher_id) VALUES ('39535535-a1fb-4fde-a4bd-060f20777446', '', null, 2, 3, 250000, '', '5d77e0ca-1e75-40c7-ba9f-48f979611c41', '23fe3506-a74f-4ef8-93d7-a705fd8ad167', '9c11e22d-ca88-4ffe-b7c8-1184f7bc2011', '3a7edc0f-c2d3-44c1-a49a-ba16b55131a1', '16c4fc43-9026-41b0-b746-ccd1da066d2e', '963e692c-2480-457f-9133-e84cbdac8f44', '50fad817-65c0-4543-8fdc-2aec2ebb9305', 0, '1674c4b0-314a-47af-a318-a4986769c082');
INSERT INTO public.residency_courses (id, description, years, free_places, paid_places, cost, education_form, form_pattern_id, start_year_id, end_year_id, annotation_id, program_id, plan_id, schedule_id, free_government_places, main_teacher_id) VALUES ('5d6a4c66-4091-417b-90d2-b032f1822867', '', null, 0, 0, 210000, '', '5d77e0ca-1e75-40c7-ba9f-48f979611c41', '23fe3506-a74f-4ef8-93d7-a705fd8ad167', '9c11e22d-ca88-4ffe-b7c8-1184f7bc2011', '31bf0141-f2e7-4158-a5ab-04a35d942a0d', 'a50f95ce-1b0d-49d5-a79f-f818e0f136cf', '7f71b917-d86b-407f-a3ac-0fb93e4cf36b', 'bd8876f6-c001-4716-a08c-c192079f575c', 0, null);
INSERT INTO public.residency_courses (id, description, years, free_places, paid_places, cost, education_form, form_pattern_id, start_year_id, end_year_id, annotation_id, program_id, plan_id, schedule_id, free_government_places, main_teacher_id) VALUES ('a88bded1-6250-4ae0-a3df-5443ab3ed86d', '<ul><li><p><strong>Основные дисциплины</strong></p></li></ul><ol><li><p>Анестезиология и реаниматология: <em>1080 часов /30 зет</em></p></li><li><p>Неотложная помощь: <em>72 часов / 2 зет</em></p></li><li><p>Организация здравоохранения и общественное здоровье <em>36 часов / 1 зет</em></p></li><li><p>Медицина чрезвычайных ситуаций <em>36 часов / 1 зет</em></p></li><li><p>Педагогика <em>36 часов / 1 зет</em></p></li><li><p>Патология <em>36 часов / 1 зет</em></p></li><li><p>Трансфузиология <em>108 часов / 3 зет</em></p></li></ol><ul><li><p><strong>Дисциплины по выбору</strong></p></li></ul><ol><li><p>Методы гистологических исследований, интерпретация результатов <em>108 часов / 3 зет</em></p></li><li><p>Клиническая лабораторная диагностика, интерпретация исследований <em>108 часов / 3 зет</em></p></li></ol><ul><li><p><strong>Практики</strong></p></li></ul><ol><li><p>Организация работы врача анестезиолога реаниматолога <em>324 часов / 9 зет</em></p></li><li><p>Клиническая практика <em>2376 часов / 66 зет</em></p></li></ol>', null, 7, 0, 230000, '', '5d77e0ca-1e75-40c7-ba9f-48f979611c41', '23fe3506-a74f-4ef8-93d7-a705fd8ad167', '9c11e22d-ca88-4ffe-b7c8-1184f7bc2011', '9385e757-53d9-4f6f-9f00-dc7360820440', '830c6fb1-e4c3-45d2-bae9-4b062f76d83b', 'd02db9f1-5690-41a9-94fd-8fbd5e6a9441', '2c87af68-a1ab-4b56-8db5-b7c8c18db697', 0, '3927e2ca-eaca-4dee-88b2-8fa462870d3e');



insert into public.residency_courses_specializations (id, main, specialization_id, residency_course_id)
values  ('916a75cf-3eb0-479f-bc4a-e54b59e4947e', false, 'e94cdab5-937d-4ee4-b8ae-d182893efa3c', '529e2e49-a873-4362-9822-e7e072073a33'),
        ('03998547-5826-4d59-aa53-46ad4d11b656', false, '25cf3cb9-700f-445f-bd25-a605d20ba89d', '0084b5bd-e42f-4b19-975c-3e3b3303c09b'),
        ('da5bcbfd-c9e6-48e6-8749-721217f75489', true, 'b34be43a-a16e-4214-a511-d5ee6f144c69', '709532c3-114a-400c-b1ec-0dafae1eaf74'),
        ('a4e12ba6-0b3c-4439-a172-d1a7f7e96227', true, '4fe58cad-8726-49a7-8aa5-b081b3cee4cc', 'fe63e287-f808-451c-88b1-9f43cabd3301'),
        ('973bda8a-9935-43c1-88f1-1345a8623666', true, 'da5f77da-874d-4e37-b614-ad9047f5d87a', '7c88b0a5-baf0-494c-9ffb-cc4cca58e1f9'),
        ('7b261117-0de9-4d8d-bb3d-4dd7e0496733', true, '25cf3cb9-700f-445f-bd25-a605d20ba89d', 'c0ae4215-239e-4ba3-b93d-50cdd5e02509'),
        ('c77f9e38-0beb-47b9-bff5-f87dcc2a360c', true, 'e94cdab5-937d-4ee4-b8ae-d182893efa3c', '580fbae8-5e03-4ab6-9330-09683f18ae4c'),
        ('7d87e2e6-4e3b-44cc-be2b-554f4ae1832c', true, 'cc7a1b66-bc05-4c94-a5a8-0b9ba2bad178', 'cb019fb9-f02a-4158-9d6b-93957e98036c'),
        ('1bf5b110-9b71-4e78-83f4-e1979c62c217', true, '8ef6afb0-60a7-406c-b3f2-d8b6faf4343a', 'b741a4c9-5cbc-4815-8010-c112c44b046b'),
        ('c630c070-b86d-4911-ace1-f879d92e63df', true, '19662337-b47b-4f03-9585-3d2606f5adc2', '30de4caf-f810-4a4a-9a01-7df686a052d0'),
        ('38436ba4-b124-4db5-8f88-96e1ccd406be', true, 'eaef9f39-e26a-41ad-ae50-f671dcb883fd', 'eea882ae-991f-4c87-94e0-fcad0616109f'),
        ('6b57b3fb-dacd-4a82-bb95-5d0218259d71', true, 'dd605a52-f4d5-458c-b669-e6c7dd3867e8', 'e498e2e0-dc4b-4646-81b7-21427d3592a6'),
        ('e4446133-a100-49c2-a9d2-b21dcfd6c5e4', true, '0e774376-f922-4507-8256-571bf18d343a', '39535535-a1fb-4fde-a4bd-060f20777446'),
        ('2d3a43c5-5755-4b93-9531-da9fdd7762dd', true, '6cedce9f-acd7-4f9c-8742-25fd0c9ff1f8', '5d6a4c66-4091-417b-90d2-b032f1822867'),
        ('70dc3e01-2e40-4662-a5a8-6e2c83cd7987', true, '2b279988-cea6-4233-8706-35ad2554ab48', 'a88bded1-6250-4ae0-a3df-5443ab3ed86d');


